{"cameraMode":{"drawMode":0,"name":"Shaded","section":"Shading Mode"},"sceneLighting":true,"audioPlay":false,"sceneViewState":{"showFog":false,"showMaterialUpdate":false,"showSkybox":false,"showFlares":false,"showImageEffects":false,"showParticleSystems":false},"in2DMode":false,"pivot":{"x":125.34212493896485,"y":1.0263898372650147,"z":206.90432739257813},"rotation":{"x":0.0943475291132927,"y":0.019114330410957338,"z":-0.001687631942331791,"w":0.9953919649124146},"size":0.8660253882408142,"orthographic":false}