{"cameraMode":{"drawMode":0,"name":"Shaded","section":"Shading Mode"},"sceneLighting":true,"audioPlay":false,"sceneViewState":{"showFog":false,"showMaterialUpdate":false,"showSkybox":false,"showFlares":false,"showImageEffects":false,"showParticleSystems":false},"in2DMode":false,"pivot":{"x":247.93382263183595,"y":3.702509880065918,"z":196.6841278076172},"rotation":{"x":-0.07340990751981735,"y":0.02633153274655342,"z":-0.001983834430575371,"w":-0.9969943165779114},"size":2.36602520942688,"orthographic":false}