{"cameraMode":{"drawMode":0,"name":"Shaded","section":"Shading Mode"},"sceneLighting":true,"audioPlay":false,"sceneViewState":{"showFog":false,"showMaterialUpdate":false,"showSkybox":false,"showFlares":false,"showImageEffects":false,"showParticleSystems":false},"in2DMode":false,"pivot":{"x":109.46891021728516,"y":-38.64656448364258,"z":-5.288055419921875},"rotation":{"x":-0.006782081909477711,"y":0.9858264923095703,"z":-0.16263523697853089,"w":-0.04113755747675896},"size":83.19261169433594,"orthographic":false}