{"cameraMode":{"drawMode":0,"name":"Shaded","section":"Shading Mode"},"sceneLighting":true,"audioPlay":false,"sceneViewState":{"showFog":true,"showMaterialUpdate":false,"showSkybox":true,"showFlares":true,"showImageEffects":true,"showParticleSystems":true},"in2DMode":false,"pivot":{"x":-8.337105751037598,"y":3.4922282695770265,"z":1.1586931943893433},"rotation":{"x":-0.1351929008960724,"y":0.598811686038971,"z":-0.10335474461317063,"w":-0.7826485633850098},"size":20.562101364135743,"orthographic":false}