{"cameraMode":{"drawMode":0,"name":"Shaded","section":"Shading Mode"},"sceneLighting":false,"audioPlay":false,"sceneViewState":{"showFog":true,"showMaterialUpdate":false,"showSkybox":false,"showFlares":true,"showImageEffects":true,"showParticleSystems":true},"in2DMode":false,"pivot":{"x":0.021656036376953126,"y":2.1133623123168947,"z":0.2537904977798462},"rotation":{"x":0.18816523253917695,"y":-0.4879879355430603,"z":0.10860772430896759,"w":0.8454113602638245},"size":3.1553330421447756,"orthographic":false}