{"cameraMode":{"drawMode":0,"name":"Shaded","section":"Shading Mode"},"sceneLighting":true,"audioPlay":false,"sceneViewState":{"showFog":true,"showMaterialUpdate":false,"showSkybox":true,"showFlares":true,"showImageEffects":true,"showParticleSystems":true},"in2DMode":false,"pivot":{"x":-9.38496208190918,"y":8.499102592468262,"z":-9.752402305603028},"rotation":{"x":0.2635285556316376,"y":0.3085179030895233,"z":-0.08942022919654846,"w":0.9096359014511108},"size":4.071002960205078,"orthographic":false}